tip,cluster,timepoint
EPI_ISL_671375,1,A
EPI_ISL_441714,2,A
EPI_ISL_644320,3,A
EPI_ISL_585106,4,A
EPI_ISL_11191573,5,A
EPI_ISL_981266,5,A
EPI_ISL_981208,5,A
EPI_ISL_5248054,6,A
EPI_ISL_11015031,7,A
EPI_ISL_666702,8,A
EPI_ISL_681906,9,A
EPI_ISL_459376,10,A
EPI_ISL_489293,10,A
EPI_ISL_469867,10,A
EPI_ISL_469864,10,A
EPI_ISL_489226,10,A
EPI_ISL_489209,10,A
EPI_ISL_482044,10,A
EPI_ISL_501016,10,A
EPI_ISL_470084,10,A
EPI_ISL_459367,10,A
EPI_ISL_470077,10,A
EPI_ISL_501062,10,A
EPI_ISL_459404,10,A
EPI_ISL_489174,10,A
EPI_ISL_585179,10,A
EPI_ISL_469884,10,A
EPI_ISL_489205,10,A
EPI_ISL_469861,10,A
EPI_ISL_501044,10,A
EPI_ISL_489340,10,A
EPI_ISL_489369,10,A
EPI_ISL_453485,11,A
EPI_ISL_489373,12,A
EPI_ISL_459382,12,A
EPI_ISL_441693,12,A
EPI_ISL_489352,12,A
EPI_ISL_585172,13,A
EPI_ISL_981258,14,A
EPI_ISL_5248235,15,A
EPI_ISL_681912,15,A
EPI_ISL_767825,15,A
EPI_ISL_5248062,15,A
EPI_ISL_681910,15,A
EPI_ISL_441412,15,A
EPI_ISL_585149,16,A
EPI_ISL_585160,16,A
EPI_ISL_644308,16,A
EPI_ISL_441733,16,A
EPI_ISL_441404,17,A
EPI_ISL_585138,17,A
EPI_ISL_489366,18,A
EPI_ISL_489214,18,A
EPI_ISL_470079,18,A
EPI_ISL_469846,18,A
EPI_ISL_501071,18,A
EPI_ISL_470016,18,A
EPI_ISL_489354,18,A
EPI_ISL_585148,18,A
EPI_ISL_482070,19,A
EPI_ISL_470015,19,A
EPI_ISL_489351,19,A
EPI_ISL_489365,19,A
EPI_ISL_489265,19,A
EPI_ISL_5248193,20,A
EPI_ISL_605066,21,A
EPI_ISL_448936,21,A
EPI_ISL_418548,21,A
EPI_ISL_681923,21,A
EPI_ISL_453475,21,A
EPI_ISL_470024,22,A
EPI_ISL_681764,22,A
EPI_ISL_981241,22,A
EPI_ISL_459341,22,A
EPI_ISL_681716,22,A
EPI_ISL_681767,22,A
EPI_ISL_681913,22,A
EPI_ISL_11191553,22,A
EPI_ISL_981242,22,A
EPI_ISL_441697,22,A
EPI_ISL_2484141,22,A
EPI_ISL_681911,22,A
EPI_ISL_681708,22,A
EPI_ISL_767833,22,A
EPI_ISL_681768,22,A
EPI_ISL_671348,22,A
EPI_ISL_470034,22,A
EPI_ISL_441708,22,A
EPI_ISL_459326,22,A
EPI_ISL_681711,22,A
EPI_ISL_681756,22,A
EPI_ISL_681909,22,A
EPI_ISL_671347,22,A
EPI_ISL_644282,23,A
EPI_ISL_644283,23,A
EPI_ISL_644291,23,A
EPI_ISL_596669,23,A
EPI_ISL_605062,23,A
EPI_ISL_5248196,23,A
EPI_ISL_5248247,23,A
EPI_ISL_605063,23,A
EPI_ISL_5248221,23,A
EPI_ISL_596668,23,A
EPI_ISL_11191528,23,A
EPI_ISL_681916,23,A
EPI_ISL_11015014,23,A
EPI_ISL_767813,24,A
EPI_ISL_681747,24,A
EPI_ISL_767811,24,A
EPI_ISL_767810,24,A
EPI_ISL_671351,24,A
EPI_ISL_681714,24,A
EPI_ISL_671350,24,A
EPI_ISL_681731,24,A
EPI_ISL_671383,25,A
EPI_ISL_767765,25,A
EPI_ISL_644263,25,A
EPI_ISL_671395,25,A
EPI_ISL_671342,25,A
EPI_ISL_671341,25,A
EPI_ISL_671386,25,A
EPI_ISL_671374,26,A
EPI_ISL_767757,26,A
EPI_ISL_500972,27,A
EPI_ISL_869147,28,A
EPI_ISL_489275,29,A
EPI_ISL_585092,30,A
EPI_ISL_666697,31,A
EPI_ISL_767770,31,A
EPI_ISL_981205,31,A
EPI_ISL_767781,31,A
EPI_ISL_11065368,31,A
EPI_ISL_767771,31,A
EPI_ISL_767763,31,A
EPI_ISL_981264,31,A
EPI_ISL_5248253,31,A
EPI_ISL_767773,31,A
EPI_ISL_869162,32,A
EPI_ISL_869164,32,A
EPI_ISL_767780,33,A
EPI_ISL_585093,34,A
EPI_ISL_585122,35,A
EPI_ISL_441662,35,A
EPI_ISL_585183,36,A
EPI_ISL_767835,37,A
EPI_ISL_11065371,38,A
EPI_ISL_767782,38,A
EPI_ISL_11065313,39,A
EPI_ISL_869149,40,A
EPI_ISL_981238,40,A
EPI_ISL_482101,40,A
EPI_ISL_459331,41,A
EPI_ISL_644316,42,A
EPI_ISL_681773,43,A
EPI_ISL_11015052,43,A
EPI_ISL_5248163,44,A
EPI_ISL_671356,45,A
EPI_ISL_767750,45,A
EPI_ISL_644256,45,A
EPI_ISL_585180,46,A
EPI_ISL_448945,47,A
EPI_ISL_767784,48,A
EPI_ISL_767779,49,A
EPI_ISL_767789,50,A
EPI_ISL_767728,50,A
EPI_ISL_448939,51,A
EPI_ISL_418516,52,A
EPI_ISL_681748,53,A
EPI_ISL_489286,53,A
EPI_ISL_11191550,54,A
EPI_ISL_644281,55,A
EPI_ISL_644332,55,A
EPI_ISL_767797,56,A
EPI_ISL_981224,57,A
EPI_ISL_489356,58,A
EPI_ISL_501052,59,A
EPI_ISL_500988,59,A
EPI_ISL_500959,59,A
EPI_ISL_489347,59,A
EPI_ISL_680285,60,A
EPI_ISL_11015050,61,A
EPI_ISL_437684,62,A
EPI_ISL_767766,62,A
EPI_ISL_470050,62,A
EPI_ISL_441775,62,A
EPI_ISL_441737,62,A
EPI_ISL_666706,62,A
EPI_ISL_585108,62,A
EPI_ISL_11065361,62,A
EPI_ISL_671364,62,A
EPI_ISL_671340,62,A
EPI_ISL_453470,62,A
EPI_ISL_681914,62,A
EPI_ISL_767740,62,A
EPI_ISL_848145,62,A
EPI_ISL_666709,62,A
EPI_ISL_981255,62,A
EPI_ISL_666705,62,A
EPI_ISL_666707,62,A
EPI_ISL_644339,62,A
EPI_ISL_666708,62,A
EPI_ISL_585168,62,A
EPI_ISL_448959,62,A
EPI_ISL_11065382,62,A
EPI_ISL_767788,62,A
EPI_ISL_11191570,62,A
EPI_ISL_869165,62,A
EPI_ISL_441694,62,A
EPI_ISL_767739,62,A
EPI_ISL_981211,63,A
EPI_ISL_768744,64,A
EPI_ISL_501034,65,A
EPI_ISL_981256,66,A
EPI_ISL_869161,66,A
EPI_ISL_489183,67,A
EPI_ISL_448965,67,A
EPI_ISL_848134,67,A
EPI_ISL_459334,67,A
EPI_ISL_500971,67,A
EPI_ISL_644273,67,A
EPI_ISL_459406,67,A
EPI_ISL_767734,67,A
EPI_ISL_767776,67,A
EPI_ISL_585158,67,A
EPI_ISL_441690,67,A
EPI_ISL_11065381,67,A
EPI_ISL_469878,67,A
EPI_ISL_869153,67,A
EPI_ISL_848167,67,A
EPI_ISL_596637,67,A
EPI_ISL_585154,67,A
EPI_ISL_767808,67,A
EPI_ISL_501041,67,A
EPI_ISL_671367,67,A
EPI_ISL_489301,67,A
EPI_ISL_469879,67,A
EPI_ISL_441399,67,A
EPI_ISL_981219,67,A
EPI_ISL_489272,67,A
EPI_ISL_768764,67,A
EPI_ISL_469856,67,A
EPI_ISL_418580,67,A
EPI_ISL_671377,67,A
EPI_ISL_11015056,67,A
EPI_ISL_459389,67,A
EPI_ISL_501004,67,A
EPI_ISL_441766,67,A
EPI_ISL_448973,67,A
EPI_ISL_767783,67,A
EPI_ISL_681749,67,A
EPI_ISL_488874,67,A
EPI_ISL_500981,67,A
EPI_ISL_767802,67,A
EPI_ISL_500976,67,A
EPI_ISL_681742,67,A
EPI_ISL_5247970,67,A
EPI_ISL_644310,67,A
EPI_ISL_489235,67,A
EPI_ISL_848121,67,A
EPI_ISL_501046,67,A
EPI_ISL_666700,67,A
EPI_ISL_644328,67,A
EPI_ISL_767735,67,A
EPI_ISL_469854,67,A
EPI_ISL_489224,67,A
EPI_ISL_501035,67,A
EPI_ISL_11191567,67,A
EPI_ISL_489360,67,A
EPI_ISL_11015012,67,A
EPI_ISL_11065350,67,A
EPI_ISL_448925,67,A
EPI_ISL_585176,67,A
EPI_ISL_489215,67,A
EPI_ISL_489257,67,A
EPI_ISL_767812,67,A
EPI_ISL_501056,67,A
EPI_ISL_441360,67,A
EPI_ISL_489346,67,A
EPI_ISL_470044,67,A
EPI_ISL_500979,67,A
EPI_ISL_501051,67,A
EPI_ISL_5248215,67,A
EPI_ISL_585152,67,A
EPI_ISL_671403,67,A
EPI_ISL_848163,67,A
EPI_ISL_681734,67,A
EPI_ISL_489177,67,A
EPI_ISL_981247,67,A
EPI_ISL_501001,67,A
EPI_ISL_459360,67,A
EPI_ISL_644271,67,A
EPI_ISL_482133,67,A
EPI_ISL_441357,67,A
EPI_ISL_459368,67,A
EPI_ISL_470072,67,A
EPI_ISL_501068,67,A
EPI_ISL_501038,67,A
EPI_ISL_848135,67,A
EPI_ISL_585150,67,A
EPI_ISL_500961,67,A
EPI_ISL_482051,67,A
EPI_ISL_500978,67,A
EPI_ISL_596661,67,A
EPI_ISL_469888,67,A
EPI_ISL_644314,67,A
EPI_ISL_5248016,67,A
EPI_ISL_459349,67,A
EPI_ISL_470014,67,A
EPI_ISL_489280,67,A
EPI_ISL_501027,67,A
EPI_ISL_5248164,67,A
EPI_ISL_644343,67,A
EPI_ISL_489243,67,A
EPI_ISL_644336,67,A
EPI_ISL_848141,67,A
EPI_ISL_869151,67,A
EPI_ISL_5248154,67,A
EPI_ISL_5248250,67,A
EPI_ISL_482055,67,A
EPI_ISL_469857,67,A
EPI_ISL_848125,67,A
EPI_ISL_680286,67,A
EPI_ISL_644323,67,A
EPI_ISL_767798,67,A
EPI_ISL_681736,67,A
EPI_ISL_448950,67,A
EPI_ISL_489253,67,A
EPI_ISL_644321,67,A
EPI_ISL_489201,67,A
EPI_ISL_596659,67,A
EPI_ISL_501054,67,A
EPI_ISL_681908,67,A
EPI_ISL_441422,67,A
EPI_ISL_596653,67,A
EPI_ISL_11191515,67,A
EPI_ISL_489160,67,A
EPI_ISL_671338,67,A
EPI_ISL_767755,67,A
EPI_ISL_763363,67,A
EPI_ISL_489156,67,A
EPI_ISL_500984,67,A
EPI_ISL_848108,67,A
EPI_ISL_501067,67,A
EPI_ISL_470027,67,A
EPI_ISL_11015015,67,A
EPI_ISL_501015,67,A
EPI_ISL_585153,67,A
EPI_ISL_441405,67,A
EPI_ISL_501057,67,A
EPI_ISL_767806,67,A
EPI_ISL_470070,67,A
EPI_ISL_585130,67,A
EPI_ISL_501018,67,A
EPI_ISL_500967,67,A
EPI_ISL_489327,67,A
EPI_ISL_501032,67,A
EPI_ISL_470031,67,A
EPI_ISL_482052,67,A
EPI_ISL_11065347,67,A
EPI_ISL_644337,67,A
EPI_ISL_644342,67,A
EPI_ISL_470087,67,A
EPI_ISL_644329,67,A
EPI_ISL_848111,67,A
EPI_ISL_500974,67,A
EPI_ISL_501008,67,A
EPI_ISL_501064,67,A
EPI_ISL_644307,67,A
EPI_ISL_644299,67,A
EPI_ISL_489194,67,A
EPI_ISL_489312,67,A
EPI_ISL_459399,67,A
EPI_ISL_489217,67,A
EPI_ISL_500992,67,A
EPI_ISL_489190,67,A
EPI_ISL_459343,67,A
EPI_ISL_585147,67,A
EPI_ISL_5248038,67,A
EPI_ISL_767778,67,A
EPI_ISL_585257,67,A
EPI_ISL_671357,67,A
EPI_ISL_644275,67,A
EPI_ISL_448971,67,A
EPI_ISL_11015040,67,A
EPI_ISL_681927,67,A
EPI_ISL_441436,67,A
EPI_ISL_441371,67,A
EPI_ISL_469880,67,A
EPI_ISL_501069,67,A
EPI_ISL_11191510,67,A
EPI_ISL_596664,67,A
EPI_ISL_489247,67,A
EPI_ISL_585184,67,A
EPI_ISL_500964,67,A
EPI_ISL_681739,67,A
EPI_ISL_501023,67,A
EPI_ISL_470029,67,A
EPI_ISL_768761,67,A
EPI_ISL_869154,67,A
EPI_ISL_596630,67,A
EPI_ISL_671370,67,A
EPI_ISL_500989,67,A
EPI_ISL_5248019,67,A
EPI_ISL_767787,67,A
EPI_ISL_11065314,67,A
EPI_ISL_644277,67,A
EPI_ISL_644309,67,A
EPI_ISL_644300,67,A
EPI_ISL_981229,67,A
EPI_ISL_681899,67,A
EPI_ISL_681721,67,A
EPI_ISL_469862,67,A
EPI_ISL_418581,67,A
EPI_ISL_501028,67,A
EPI_ISL_767838,67,A
EPI_ISL_681760,67,A
EPI_ISL_767752,67,A
EPI_ISL_489192,67,A
EPI_ISL_11065341,67,A
EPI_ISL_489331,67,A
EPI_ISL_489379,67,A
EPI_ISL_500982,67,A
EPI_ISL_585151,67,A
EPI_ISL_596648,67,A
EPI_ISL_441410,67,A
EPI_ISL_489371,67,A
EPI_ISL_767807,67,A
EPI_ISL_671362,67,A
EPI_ISL_767753,67,A
EPI_ISL_489314,67,A
EPI_ISL_869158,67,A
EPI_ISL_501060,67,A
EPI_ISL_981203,67,A
EPI_ISL_11065323,67,A
EPI_ISL_644294,67,A
EPI_ISL_489210,67,A
EPI_ISL_869152,67,A
EPI_ISL_585167,67,A
EPI_ISL_500977,67,A
EPI_ISL_489268,67,A
EPI_ISL_5248192,67,A
EPI_ISL_500994,67,A
EPI_ISL_469872,67,A
EPI_ISL_644270,67,A
EPI_ISL_848142,67,A
EPI_ISL_489220,67,A
EPI_ISL_671363,67,A
EPI_ISL_848171,67,A
EPI_ISL_596631,67,A
EPI_ISL_681926,67,A
EPI_ISL_768762,67,A
EPI_ISL_767729,67,A
EPI_ISL_501006,67,A
EPI_ISL_489349,67,A
EPI_ISL_11065297,67,A
EPI_ISL_5248047,67,A
EPI_ISL_489329,67,A
EPI_ISL_448940,67,A
EPI_ISL_489232,67,A
EPI_ISL_453471,67,A
EPI_ISL_482038,67,A
EPI_ISL_459325,67,A
EPI_ISL_489348,67,A
EPI_ISL_501003,67,A
EPI_ISL_489222,67,A
EPI_ISL_644287,67,A
EPI_ISL_489337,67,A
EPI_ISL_501036,67,A
EPI_ISL_5248241,67,A
EPI_ISL_489212,67,A
EPI_ISL_644259,67,A
EPI_ISL_459375,67,A
EPI_ISL_489341,67,A
EPI_ISL_470032,67,A
EPI_ISL_11191562,67,A
EPI_ISL_681924,67,A
EPI_ISL_501007,67,A
EPI_ISL_596629,67,A
EPI_ISL_501066,67,A
EPI_ISL_671352,67,A
EPI_ISL_681744,67,A
EPI_ISL_441696,67,A
EPI_ISL_489242,67,A
EPI_ISL_501021,67,A
EPI_ISL_489325,67,A
EPI_ISL_848170,67,A
EPI_ISL_585137,67,A
EPI_ISL_981207,67,A
EPI_ISL_482054,67,A
EPI_ISL_489187,67,A
EPI_ISL_5248037,67,A
EPI_ISL_596654,67,A
EPI_ISL_848129,67,A
EPI_ISL_644298,67,A
EPI_ISL_681901,67,A
EPI_ISL_459373,67,A
EPI_ISL_848140,67,A
EPI_ISL_585101,67,A
EPI_ISL_666703,67,A
EPI_ISL_489196,67,A
EPI_ISL_470018,67,A
EPI_ISL_482043,67,A
EPI_ISL_981236,67,A
EPI_ISL_644311,67,A
EPI_ISL_644261,67,A
EPI_ISL_671394,67,A
EPI_ISL_585156,67,A
EPI_ISL_11065366,67,A
EPI_ISL_5248254,67,A
EPI_ISL_500957,67,A
EPI_ISL_596640,67,A
EPI_ISL_768760,67,A
EPI_ISL_981268,67,A
EPI_ISL_500970,67,A
EPI_ISL_644292,67,A
EPI_ISL_501045,67,A
EPI_ISL_501039,67,A
EPI_ISL_585127,67,A
EPI_ISL_848169,67,A
EPI_ISL_489316,67,A
EPI_ISL_459407,67,A
EPI_ISL_500954,67,A
EPI_ISL_767749,67,A
EPI_ISL_767758,67,A
EPI_ISL_470088,67,A
EPI_ISL_869163,67,A
EPI_ISL_981245,67,A
EPI_ISL_596660,67,A
EPI_ISL_11191517,67,A
EPI_ISL_596651,67,A
EPI_ISL_605064,67,A
EPI_ISL_5247992,67,A
EPI_ISL_11015039,67,A
EPI_ISL_489299,67,A
EPI_ISL_869159,67,A
EPI_ISL_767738,67,A
EPI_ISL_767742,67,A
EPI_ISL_681907,67,A
EPI_ISL_666710,67,A
EPI_ISL_459395,67,A
EPI_ISL_482096,67,A
EPI_ISL_459392,67,A
EPI_ISL_470048,67,A
EPI_ISL_459391,67,A
EPI_ISL_489277,67,A
EPI_ISL_596652,67,A
EPI_ISL_11065301,67,A
EPI_ISL_448962,67,A
EPI_ISL_585121,67,A
EPI_ISL_500965,67,A
EPI_ISL_5248026,67,A
EPI_ISL_453478,67,A
EPI_ISL_500991,67,A
EPI_ISL_681915,67,A
EPI_ISL_671337,67,A
EPI_ISL_682057,67,A
EPI_ISL_5248234,67,A
EPI_ISL_644330,67,A
EPI_ISL_11065344,67,A
EPI_ISL_489189,67,A
EPI_ISL_869148,67,A
EPI_ISL_767796,67,A
EPI_ISL_5248252,67,A
EPI_ISL_501040,67,A
EPI_ISL_500987,67,A
EPI_ISL_585140,67,A
EPI_ISL_470041,67,A
EPI_ISL_459335,67,A
EPI_ISL_489236,67,A
EPI_ISL_767790,67,A
EPI_ISL_441428,67,A
EPI_ISL_585159,67,A
EPI_ISL_644305,67,A
EPI_ISL_500968,67,A
EPI_ISL_5248246,67,A
EPI_ISL_459379,67,A
EPI_ISL_11191554,67,A
EPI_ISL_11191534,67,A
EPI_ISL_441730,67,A
EPI_ISL_644293,67,A
EPI_ISL_459394,67,A
EPI_ISL_489250,67,A
EPI_ISL_441675,67,A
EPI_ISL_644297,67,A
EPI_ISL_501024,67,A
EPI_ISL_644306,67,A
EPI_ISL_448961,67,A
EPI_ISL_767818,67,A
EPI_ISL_489172,67,A
EPI_ISL_489231,67,A
EPI_ISL_470045,67,A
EPI_ISL_459324,67,A
EPI_ISL_644303,67,A
EPI_ISL_500996,67,A
EPI_ISL_848159,67,A
EPI_ISL_869150,67,A
EPI_ISL_767746,67,A
EPI_ISL_500966,67,A
EPI_ISL_489185,67,A
EPI_ISL_666699,67,A
EPI_ISL_501055,67,A
EPI_ISL_470047,67,A
EPI_ISL_596665,67,A
EPI_ISL_644327,67,A
EPI_ISL_596663,67,A
EPI_ISL_767774,67,A
EPI_ISL_501033,67,A
EPI_ISL_501061,67,A
EPI_ISL_644318,67,A
EPI_ISL_671372,67,A
EPI_ISL_5248045,67,A
EPI_ISL_501017,67,A
EPI_ISL_501000,67,A
EPI_ISL_489208,67,A
EPI_ISL_596636,67,A
EPI_ISL_767744,67,A
EPI_ISL_489211,67,A
EPI_ISL_848118,67,A
EPI_ISL_501058,67,A
EPI_ISL_5248182,67,A
EPI_ISL_644251,67,A
EPI_ISL_453467,67,A
EPI_ISL_981257,67,A
EPI_ISL_681896,67,A
EPI_ISL_767772,67,A
EPI_ISL_441751,67,A
EPI_ISL_501065,67,A
EPI_ISL_644334,67,A
EPI_ISL_981240,67,A
EPI_ISL_469875,67,A
EPI_ISL_482142,67,A
EPI_ISL_489328,67,A
EPI_ISL_459338,67,A
EPI_ISL_981217,67,A
EPI_ISL_767814,67,A
EPI_ISL_848139,67,A
EPI_ISL_596645,67,A
EPI_ISL_501259,67,A
EPI_ISL_469853,67,A
EPI_ISL_470065,67,A
EPI_ISL_767731,67,A
EPI_ISL_981249,67,A
EPI_ISL_489304,67,A
EPI_ISL_470033,67,A
EPI_ISL_469882,67,A
EPI_ISL_501063,67,A
EPI_ISL_671355,67,A
EPI_ISL_767820,67,A
EPI_ISL_489285,67,A
EPI_ISL_500986,67,A
EPI_ISL_644312,67,A
EPI_ISL_489278,67,A
EPI_ISL_869156,67,A
EPI_ISL_489197,67,A
EPI_ISL_469855,67,A
EPI_ISL_11065324,67,A
EPI_ISL_666704,67,A
EPI_ISL_501010,67,A
EPI_ISL_441691,67,A
EPI_ISL_489186,67,A
EPI_ISL_489309,67,A
EPI_ISL_489311,67,A
EPI_ISL_5248031,67,A
EPI_ISL_489355,67,A
EPI_ISL_981222,67,A
EPI_ISL_596655,67,A
EPI_ISL_671392,67,A
EPI_ISL_671359,67,A
EPI_ISL_459351,67,A
EPI_ISL_489276,67,A
EPI_ISL_11065330,67,A
EPI_ISL_5247985,67,A
EPI_ISL_448970,67,A
EPI_ISL_470076,67,A
EPI_ISL_767823,67,A
EPI_ISL_585143,67,A
EPI_ISL_489310,67,A
EPI_ISL_596650,67,A
EPI_ISL_11065292,67,A
EPI_ISL_5248167,67,A
EPI_ISL_767769,67,A
EPI_ISL_767736,67,A
EPI_ISL_489238,67,A
EPI_ISL_441424,67,A
EPI_ISL_767775,67,A
EPI_ISL_489216,67,A
EPI_ISL_489239,67,A
EPI_ISL_489377,67,A
EPI_ISL_981216,67,A
EPI_ISL_596666,67,A
EPI_ISL_644345,67,A
EPI_ISL_5248034,67,A
EPI_ISL_768763,67,A
EPI_ISL_5248240,67,A
EPI_ISL_441781,67,A
EPI_ISL_11015034,67,A
EPI_ISL_585114,67,A
EPI_ISL_596628,67,A
EPI_ISL_644296,67,A
EPI_ISL_585094,67,A
EPI_ISL_470030,67,A
EPI_ISL_500958,67,A
EPI_ISL_501011,67,A
EPI_ISL_453476,67,A
EPI_ISL_489251,67,A
EPI_ISL_644324,67,A
EPI_ISL_767828,67,A
EPI_ISL_11015055,67,A
EPI_ISL_681894,67,A
EPI_ISL_585105,67,A
EPI_ISL_767832,67,A
EPI_ISL_437685,67,A
EPI_ISL_482082,67,A
EPI_ISL_11065295,67,A
EPI_ISL_482140,67,A
EPI_ISL_500998,67,A
EPI_ISL_469889,67,A
EPI_ISL_5248025,67,A
EPI_ISL_981248,67,A
EPI_ISL_5248188,67,A
EPI_ISL_441379,67,A
EPI_ISL_470071,67,A
EPI_ISL_644344,67,A
EPI_ISL_482056,67,A
EPI_ISL_681757,67,A
EPI_ISL_767747,67,A
EPI_ISL_681759,67,A
EPI_ISL_500955,67,A
EPI_ISL_489284,67,A
EPI_ISL_644313,67,A
EPI_ISL_441427,67,A
EPI_ISL_585169,67,A
EPI_ISL_5248207,67,A
EPI_ISL_767834,67,A
EPI_ISL_981261,67,A
EPI_ISL_644280,67,A
EPI_ISL_500963,67,A
EPI_ISL_500975,67,A
EPI_ISL_501050,67,A
EPI_ISL_501053,67,A
EPI_ISL_644319,67,A
EPI_ISL_11191513,67,A
EPI_ISL_482152,67,A
EPI_ISL_767836,67,A
EPI_ISL_489378,67,A
EPI_ISL_605059,67,A
EPI_ISL_11065304,67,A
EPI_ISL_644276,67,A
EPI_ISL_469868,67,A
EPI_ISL_469859,67,A
EPI_ISL_437688,67,A
EPI_ISL_501047,67,A
EPI_ISL_767751,67,A
EPI_ISL_585157,67,A
EPI_ISL_5247931,67,A
EPI_ISL_681897,67,A
EPI_ISL_585163,67,A
EPI_ISL_489228,67,A
EPI_ISL_500960,67,A
EPI_ISL_489248,67,A
EPI_ISL_501031,67,A
EPI_ISL_501026,67,A
EPI_ISL_644278,67,A
EPI_ISL_441375,67,A
EPI_ISL_501002,67,A
EPI_ISL_767815,67,A
EPI_ISL_585166,67,A
EPI_ISL_767801,67,A
EPI_ISL_767786,67,A
EPI_ISL_644326,67,A
EPI_ISL_459403,67,A
EPI_ISL_489342,67,A
EPI_ISL_671391,67,A
EPI_ISL_500980,67,A
EPI_ISL_500990,67,A
EPI_ISL_459344,67,A
EPI_ISL_596639,67,A
EPI_ISL_489302,67,A
EPI_ISL_500983,67,A
EPI_ISL_501059,67,A
EPI_ISL_981225,67,A
EPI_ISL_681895,67,A
EPI_ISL_489353,67,A
EPI_ISL_5248051,67,A
EPI_ISL_441397,67,A
EPI_ISL_448974,67,A
EPI_ISL_5248190,67,A
EPI_ISL_596632,67,A
EPI_ISL_489318,67,A
EPI_ISL_501042,67,A
EPI_ISL_767809,67,A
EPI_ISL_767733,67,A
EPI_ISL_596646,67,A
EPI_ISL_671368,67,A
EPI_ISL_671361,67,A
EPI_ISL_671366,67,A
EPI_ISL_11065338,67,A
EPI_ISL_501012,67,A
EPI_ISL_418584,67,A
EPI_ISL_489269,67,A
EPI_ISL_489203,67,A
EPI_ISL_459353,67,A
EPI_ISL_671393,67,A
EPI_ISL_489295,67,A
EPI_ISL_469848,67,A
EPI_ISL_489317,67,A
EPI_ISL_981244,67,A
EPI_ISL_453473,67,A
EPI_ISL_441380,67,A
EPI_ISL_767743,67,A
EPI_ISL_644267,67,A
EPI_ISL_5248155,67,A
EPI_ISL_489343,67,A
EPI_ISL_605069,67,A
EPI_ISL_501019,67,A
EPI_ISL_489283,67,A
EPI_ISL_459354,67,A
EPI_ISL_767829,67,A
EPI_ISL_489362,67,A
EPI_ISL_489332,67,A
EPI_ISL_644262,67,A
EPI_ISL_482041,67,A
EPI_ISL_848119,67,A
EPI_ISL_644255,67,A
EPI_ISL_489323,67,A
EPI_ISL_459347,67,A
EPI_ISL_767732,67,A
EPI_ISL_767827,67,A
EPI_ISL_501048,67,A
EPI_ISL_489338,67,A
EPI_ISL_767831,67,A
EPI_ISL_5247940,67,A
EPI_ISL_671389,67,A
EPI_ISL_767805,67,A
EPI_ISL_437686,67,A
EPI_ISL_585146,67,A
EPI_ISL_501022,67,A
EPI_ISL_767730,67,A
EPI_ISL_469866,67,A
EPI_ISL_489322,67,A
EPI_ISL_644257,67,A
EPI_ISL_848138,67,A
EPI_ISL_489333,67,A
EPI_ISL_585141,67,A
EPI_ISL_469850,67,A
EPI_ISL_489218,67,A
EPI_ISL_585162,67,A
EPI_ISL_489344,67,A
EPI_ISL_848143,67,A
EPI_ISL_869160,67,A
EPI_ISL_767816,67,A
EPI_ISL_671371,67,A
EPI_ISL_5248213,68,A
EPI_ISL_482134,69,A
EPI_ISL_585103,69,A
EPI_ISL_767837,70,A
EPI_ISL_489281,71,A
EPI_ISL_489324,72,A
EPI_ISL_501014,72,A
EPI_ISL_585107,72,A
EPI_ISL_448972,72,A
EPI_ISL_681737,73,A
EPI_ISL_489181,74,A
EPI_ISL_470055,75,A
EPI_ISL_981221,76,A
EPI_ISL_459365,77,A
EPI_ISL_671339,77,A
EPI_ISL_767821,77,A
EPI_ISL_585246,77,A
EPI_ISL_585254,77,A
EPI_ISL_459348,77,A
EPI_ISL_441747,77,A
EPI_ISL_5248206,77,A
EPI_ISL_585171,77,A
EPI_ISL_644260,77,A
EPI_ISL_671373,77,A
EPI_ISL_448951,77,A
EPI_ISL_644295,77,A
EPI_ISL_767745,77,A
EPI_ISL_585109,77,A
EPI_ISL_482034,77,A
EPI_ISL_469858,77,A
EPI_ISL_981210,77,A
EPI_ISL_482042,77,A
EPI_ISL_585125,77,A
EPI_ISL_5248200,77,A
EPI_ISL_585252,77,A
EPI_ISL_482146,77,A
EPI_ISL_644250,77,A
EPI_ISL_470083,77,A
EPI_ISL_981237,77,A
EPI_ISL_681928,77,A
EPI_ISL_671345,77,A
EPI_ISL_470042,77,A
EPI_ISL_470085,77,A
EPI_ISL_585173,77,A
EPI_ISL_848166,77,A
EPI_ISL_469845,77,A
EPI_ISL_644253,77,A
EPI_ISL_585111,77,A
EPI_ISL_767759,77,A
EPI_ISL_981204,77,A
EPI_ISL_448955,77,A
EPI_ISL_482102,77,A
EPI_ISL_585145,77,A
EPI_ISL_469874,77,A
EPI_ISL_644254,77,A
EPI_ISL_869157,77,A
EPI_ISL_470036,77,A
EPI_ISL_482046,77,A
EPI_ISL_767824,78,A
EPI_ISL_585178,79,A
EPI_ISL_671349,80,A
EPI_ISL_644258,81,A
EPI_ISL_414586,82,A
EPI_ISL_489305,83,A
EPI_ISL_605061,84,A
EPI_ISL_11065315,85,A
EPI_ISL_11191559,85,A
EPI_ISL_681904,85,A
EPI_ISL_671380,85,A
EPI_ISL_671379,85,A
EPI_ISL_671365,85,A
EPI_ISL_848158,86,A
EPI_ISL_644268,87,A
EPI_ISL_448968,88,A
EPI_ISL_5247935,88,A
EPI_ISL_441407,89,A
EPI_ISL_671353,90,A
EPI_ISL_681752,91,A
EPI_ISL_981234,92,A
EPI_ISL_489223,93,A
EPI_ISL_585099,94,A
EPI_ISL_441659,95,A
EPI_ISL_848162,96,A
EPI_ISL_585100,97,A
EPI_ISL_500962,98,A
EPI_ISL_605067,99,A
EPI_ISL_11015021,100,A
EPI_ISL_848154,101,A
EPI_ISL_469865,102,A
EPI_ISL_482115,102,A
EPI_ISL_441372,102,A
EPI_ISL_482154,102,A
EPI_ISL_681902,102,A
EPI_ISL_5248058,102,A
EPI_ISL_671369,102,A
EPI_ISL_981235,102,A
EPI_ISL_501030,102,A
EPI_ISL_489168,102,A
EPI_ISL_482149,102,A
EPI_ISL_585131,102,A
EPI_ISL_489162,102,A
EPI_ISL_459402,102,A
EPI_ISL_489361,102,A
EPI_ISL_489233,102,A
EPI_ISL_441411,102,A
EPI_ISL_11015064,102,A
EPI_ISL_489273,102,A
EPI_ISL_489321,102,A
EPI_ISL_11065332,102,A
EPI_ISL_459345,102,A
EPI_ISL_489359,102,A
EPI_ISL_470060,102,A
EPI_ISL_11065318,102,A
EPI_ISL_1620762,102,A
EPI_ISL_469860,102,A
EPI_ISL_585116,102,A
EPI_ISL_666698,102,A
EPI_ISL_11065340,102,A
EPI_ISL_489199,102,A
EPI_ISL_500993,103,A
EPI_ISL_767803,104,A
EPI_ISL_767804,105,A
EPI_ISL_585102,106,A
EPI_ISL_441398,106,A
EPI_ISL_459333,107,A
EPI_ISL_767754,108,A
EPI_ISL_848123,108,A
EPI_ISL_671376,108,A
EPI_ISL_671388,108,A
EPI_ISL_5248057,108,A
EPI_ISL_11015029,108,A
EPI_ISL_11065310,108,A
EPI_ISL_767785,108,A
EPI_ISL_981254,108,A
EPI_ISL_708527,108,A
EPI_ISL_848136,108,A
EPI_ISL_848128,108,A
EPI_ISL_11065321,108,A
EPI_ISL_11191556,108,A
EPI_ISL_671360,108,A
EPI_ISL_681900,108,A
EPI_ISL_5248022,108,A
EPI_ISL_605060,108,A
EPI_ISL_441433,108,A
EPI_ISL_644325,108,A
EPI_ISL_671397,108,A
EPI_ISL_644288,108,A
EPI_ISL_671390,108,A
EPI_ISL_644304,108,A
EPI_ISL_644289,108,A
EPI_ISL_11065353,108,A
EPI_ISL_767737,108,A
EPI_ISL_5248195,108,A
EPI_ISL_671399,108,A
EPI_ISL_671378,108,A
EPI_ISL_441365,109,A
EPI_ISL_441381,109,A
EPI_ISL_441402,109,A
EPI_ISL_448947,109,A
EPI_ISL_448958,109,A
EPI_ISL_453480,109,A
EPI_ISL_453472,109,A
EPI_ISL_585170,109,A
EPI_ISL_448976,109,A
EPI_ISL_585120,109,A
EPI_ISL_708526,110,A
EPI_ISL_11191558,110,A
EPI_ISL_5248223,110,A
EPI_ISL_459363,110,A
EPI_ISL_585181,111,A
EPI_ISL_459401,112,A
EPI_ISL_981212,112,A
EPI_ISL_489367,112,A
EPI_ISL_500997,112,A
EPI_ISL_459370,112,A
EPI_ISL_767792,112,A
EPI_ISL_767793,112,A
EPI_ISL_767830,112,A
EPI_ISL_848155,112,A
EPI_ISL_489206,112,A
EPI_ISL_489320,112,A
EPI_ISL_489198,112,A
EPI_ISL_767791,112,A
EPI_ISL_500973,112,A
EPI_ISL_671354,112,A
EPI_ISL_489330,112,A
EPI_ISL_459336,112,A
EPI_ISL_459380,112,A
EPI_ISL_482105,112,A
EPI_ISL_11015023,112,A
EPI_ISL_767795,112,A
EPI_ISL_767794,112,A
EPI_ISL_459332,112,A
EPI_ISL_681917,112,A
EPI_ISL_482053,112,A
EPI_ISL_644265,112,A
EPI_ISL_767799,113,A
EPI_ISL_5248245,113,A
EPI_ISL_5248258,113,A
EPI_ISL_767761,113,A
EPI_ISL_848137,113,A
EPI_ISL_489193,113,A
EPI_ISL_767768,113,A
EPI_ISL_5248263,113,A
EPI_ISL_501020,113,A
EPI_ISL_767760,113,A
EPI_ISL_453484,113,A
EPI_ISL_500985,113,A
EPI_ISL_11191516,114,A
EPI_ISL_644302,115,A
EPI_ISL_767767,115,A
EPI_ISL_767800,115,A
EPI_ISL_981252,115,A
EPI_ISL_644301,115,A
EPI_ISL_767764,115,A
EPI_ISL_605073,116,A
EPI_ISL_671358,117,A
EPI_ISL_501025,117,A
EPI_ISL_644285,117,A
EPI_ISL_459369,117,A
EPI_ISL_767756,117,A
EPI_ISL_605058,117,A
EPI_ISL_666696,117,A
EPI_ISL_671344,117,A
EPI_ISL_671346,117,A
EPI_ISL_470022,117,A
EPI_ISL_470025,118,A
EPI_ISL_585095,118,A
EPI_ISL_981265,118,A
EPI_ISL_441663,118,A
EPI_ISL_501029,118,A
EPI_ISL_585174,118,A
EPI_ISL_489334,118,A
EPI_ISL_605077,118,A
EPI_ISL_459387,118,A
EPI_ISL_489319,118,A
EPI_ISL_767748,118,A
EPI_ISL_981267,118,A
EPI_ISL_585135,118,A
EPI_ISL_501049,118,A
EPI_ISL_11015030,118,A
EPI_ISL_869155,118,A
EPI_ISL_5248060,118,A
EPI_ISL_767817,118,A
EPI_ISL_681903,118,A
EPI_ISL_470086,119,A
EPI_ISL_453468,119,A
EPI_ISL_585136,119,A
EPI_ISL_585250,120,A
EPI_ISL_448943,120,A
EPI_ISL_469887,120,A
EPI_ISL_489335,120,A
EPI_ISL_441401,120,A
EPI_ISL_470080,120,A
EPI_ISL_453466,120,A
EPI_ISL_767819,121,A
EPI_ISL_768746,122,A
EPI_ISL_768748,122,A
EPI_ISL_11099666,122,A
EPI_ISL_763352,122,A
EPI_ISL_768747,122,A
EPI_ISL_768749,122,A
EPI_ISL_763350,122,A
EPI_ISL_11191564,122,A
EPI_ISL_768750,122,A
EPI_ISL_871815,122,A
EPI_ISL_644290,123,A
EPI_ISL_5248191,124,A
EPI_ISL_767741,124,A
EPI_ISL_605072,124,A
EPI_ISL_671382,124,A
EPI_ISL_605070,124,A
EPI_ISL_848132,124,A
EPI_ISL_681905,124,A
EPI_ISL_671398,124,A
EPI_ISL_644331,124,A
EPI_ISL_671387,124,A
EPI_ISL_671402,124,A
EPI_ISL_671384,124,A
EPI_ISL_5248238,125,A
EPI_ISL_5248166,125,A
EPI_ISL_11065337,125,A
EPI_ISL_441356,126,A
EPI_ISL_11015009,127,A
EPI_ISL_489202,128,A
EPI_ISL_501043,128,A
EPI_ISL_489204,128,A
EPI_ISL_469883,128,A
EPI_ISL_489271,128,A
EPI_ISL_1620763,128,A
EPI_ISL_681921,129,A
EPI_ISL_5248237,129,A
EPI_ISL_768759,130,A
EPI_ISL_848133,130,A
EPI_ISL_768758,131,A
EPI_ISL_414587,131,A
EPI_ISL_681769,131,A
EPI_ISL_441698,131,A
EPI_ISL_644333,131,A
EPI_ISL_644322,131,A
EPI_ISL_585123,131,A
EPI_ISL_448928,131,A
EPI_ISL_666701,131,A
EPI_ISL_681918,131,A
EPI_ISL_11191522,131,A
EPI_ISL_848151,132,A
EPI_ISL_11065356,132,A
EPI_ISL_453479,133,A
EPI_ISL_681893,134,A
EPI_ISL_644247,135,A
EPI_ISL_437687,136,A
EPI_ISL_11191543,137,A
EPI_ISL_11065294,137,A
EPI_ISL_848152,137,A
EPI_ISL_585142,138,A
EPI_ISL_5248024,138,A
EPI_ISL_11065342,139,A
EPI_ISL_585182,140,A
EPI_ISL_644340,141,A
EPI_ISL_644274,141,A
EPI_ISL_644335,141,A
EPI_ISL_644248,141,A
EPI_ISL_644249,141,A
EPI_ISL_585126,142,A
EPI_ISL_671396,143,A
EPI_ISL_767822,143,A
EPI_ISL_441429,144,A
EPI_ISL_441409,144,A
EPI_ISL_848120,145,A
EPI_ISL_453469,145,A
EPI_ISL_11015006,145,A
EPI_ISL_767762,145,A
EPI_ISL_5248055,145,A
EPI_ISL_448977,146,A
EPI_ISL_848160,147,A
EPI_ISL_585117,148,A
EPI_ISL_448967,149,A
EPI_ISL_441416,150,A
EPI_ISL_644264,151,A
EPI_ISL_681922,151,A
EPI_ISL_644286,151,A
EPI_ISL_596673,151,A
EPI_ISL_596674,151,A
EPI_ISL_418583,151,A
EPI_ISL_596675,151,A
EPI_ISL_644279,151,A
EPI_ISL_848110,151,A
EPI_ISL_681919,151,A
EPI_ISL_681920,151,A
EPI_ISL_11015044,152,A
EPI_ISL_441367,152,A
EPI_ISL_5248059,153,A
EPI_ISL_681925,154,A
EPI_ISL_767826,154,A
EPI_ISL_848127,155,A
EPI_ISL_605071,156,A
EPI_ISL_585132,157,A
EPI_ISL_585110,157,A
EPI_ISL_848112,157,A
EPI_ISL_441368,157,A
EPI_ISL_441414,158,A
EPI_ISL_671343,159,A
EPI_ISL_448966,160,A
EPI_ISL_585155,160,A
EPI_ISL_5248194,161,A
EPI_ISL_605080,162,A
EPI_ISL_644272,162,A
EPI_ISL_848164,162,A
EPI_ISL_5248173,162,A
EPI_ISL_848156,162,A
EPI_ISL_470064,162,A
EPI_ISL_5247932,162,A
EPI_ISL_605068,162,A
EPI_ISL_11191525,162,A
EPI_ISL_644269,162,A
EPI_ISL_441366,162,A
EPI_ISL_671400,162,A
EPI_ISL_596676,162,A
EPI_ISL_848157,162,A
EPI_ISL_671381,162,A
EPI_ISL_848131,162,A
EPI_ISL_644315,162,A
EPI_ISL_5247966,162,A
EPI_ISL_848168,162,A
EPI_ISL_5248033,162,A
EPI_ISL_848130,162,A
EPI_ISL_605074,162,A
EPI_ISL_5248170,162,A
EPI_ISL_848126,162,A
EPI_ISL_11191548,162,A
EPI_ISL_848109,162,A
EPI_ISL_848124,162,A
EPI_ISL_470053,162,A
EPI_ISL_5247981,162,A
EPI_ISL_11065352,162,A
EPI_ISL_848113,162,A
EPI_ISL_585096,162,A
EPI_ISL_11065293,162,A
EPI_ISL_5248256,162,A
EPI_ISL_5247938,162,A
EPI_ISL_767777,162,A
EPI_ISL_5247984,162,A
EPI_ISL_644338,162,A
EPI_ISL_11015046,162,A
EPI_ISL_681898,162,A
EPI_ISL_848116,162,A
EPI_ISL_11191539,162,A
EPI_ISL_644317,162,A
EPI_ISL_848161,162,A
EPI_ISL_5248049,162,A
EPI_ISL_848165,162,A
EPI_ISL_441420,162,A
EPI_ISL_671385,162,A
EPI_ISL_470021,162,A
EPI_ISL_11065327,162,A
EPI_ISL_585118,162,A
EPI_ISL_5248251,162,A
EPI_ISL_5248050,162,A
EPI_ISL_418582,162,A
EPI_ISL_5248046,163,A
EPI_ISL_848144,163,A
EPI_ISL_489195,164,A
EPI_ISL_441370,164,A
EPI_ISL_441364,165,A
EPI_ISL_453474,165,A
EPI_ISL_441421,165,A
EPI_ISL_448918,165,A
EPI_ISL_585175,165,A
EPI_ISL_470063,165,A
EPI_ISL_441355,165,A
EPI_ISL_441432,165,A
EPI_ISL_482049,165,A
EPI_ISL_848153,165,A
EPI_ISL_470038,165,A
EPI_ISL_585097,165,A
EPI_ISL_441699,165,A
EPI_ISL_441670,165,A
EPI_ISL_848151,165,A
EPI_ISL_441419,165,A
EPI_ISL_441418,165,A
EPI_ISL_441373,165,A
EPI_ISL_585119,165,A
EPI_ISL_441717,165,A
EPI_ISL_489375,165,A
EPI_ISL_459378,165,A
EPI_ISL_441435,165,A
EPI_ISL_489237,165,A
EPI_ISL_585115,165,A
EPI_ISL_441423,165,A
EPI_ISL_441408,165,A
EPI_ISL_470026,165,A
EPI_ISL_441765,165,A
EPI_ISL_441382,165,A
EPI_ISL_448942,165,A
EPI_ISL_585256,165,A
EPI_ISL_453483,165,A
EPI_ISL_470075,165,A
EPI_ISL_441376,165,A
EPI_ISL_482144,165,A
EPI_ISL_441359,165,A
EPI_ISL_441771,165,A
EPI_ISL_441415,165,A
EPI_ISL_11065356,165,A
EPI_ISL_585129,165,A
EPI_ISL_441426,165,A
EPI_ISL_585139,165,A
EPI_ISL_441676,165,A
EPI_ISL_441770,165,A
EPI_ISL_585164,165,A
EPI_ISL_848115,165,A
EPI_ISL_441358,165,A
EPI_ISL_441361,165,A
EPI_ISL_585165,165,A
EPI_ISL_441363,165,A
EPI_ISL_414487,165,A
EPI_ISL_453465,165,A
EPI_ISL_441425,165,A
EPI_ISL_441378,165,A
EPI_ISL_441430,165,A
EPI_ISL_453477,165,A
EPI_ISL_453482,165,A
EPI_ISL_585104,165,A
EPI_ISL_585161,165,A
EPI_ISL_441434,165,A
EPI_ISL_441403,165,A
EPI_ISL_441417,165,A
EPI_ISL_441369,165,A
EPI_ISL_441406,165,A
EPI_ISL_644266,166,A
EPI_ISL_848114,166,A
EPI_ISL_448956,167,A
EPI_ISL_441431,168,A
EPI_ISL_605065,169,A
EPI_ISL_848117,170,A
EPI_ISL_644284,170,A
EPI_ISL_644341,170,A
EPI_ISL_848122,170,A
